epoch,d_loss,wasserstein,q_real_loss,q_fake_loss,cell_loss,total_g_loss
0,-0.3285581033734175,1.521342261743087,3.8689544464991643,0.0645601584003606,0.05072405572057864,2.041396031173271
1,-2.3274989681977494,2.4462823288257307,3.387668123978835,0.062237792537299864,0.044853823344915285,1.9289048352372755
2,-1.8850847339630128,2.0231805100807776,2.9997982832101675,0.0627966490360575,0.03514378982672998,-0.5043181447363502
3,-1.7794162962986873,1.960265015088595,2.7375674313765304,0.06326501802840365,0.024312592308045528,-1.3876086878120353
4,-1.878460420828599,2.057097282776466,2.552738530085637,0.06604478525322512,0.015049337272728803,-1.0773152911334956
5,-1.9703789740342361,2.135781194980328,2.402729481917161,0.06908360239836055,0.010228399849505326,-0.9522925680930462
6,-2.041203083258409,2.1982811348254865,2.2744529445354753,0.0727589188844239,0.008788506389347785,-0.8964978877557527
7,-2.0995668877088107,2.2483893511845516,2.1538754554895254,0.07634196611582686,0.008949108605503762,-0.889101782523164
8,-2.1466533873631404,2.28951386818519,2.038625711294321,0.07941965047919422,0.008862358816993345,-0.9274669803610636
9,-2.1829175472259523,2.3206323176163894,1.9265950797154354,0.08410424759628576,0.008652061826352952,-0.9516231767628172
10,-2.2136316790947546,2.348380335294283,1.8202262772046602,0.08604386913667031,0.008712147217278086,-1.0035620178651372
11,-2.235482301712036,2.3676327301905706,1.7190195824549748,0.09106383028380367,0.00895382982140424,-1.0484130048970564
12,-2.255646437865037,2.3862000861534707,1.6252407217025757,0.09430577284699186,0.009182028365620506,-1.1075767278671265
13,-2.2721114209982063,2.4015281310448278,1.53833501632397,0.09705192007876318,0.008740775910881134,-1.1848329234560695
14,-2.2858438579852765,2.414192912761982,1.4589597034454345,0.10127526542188925,0.008817324965953006,-1.2443904242384325
15,-2.296077103981605,2.423827410477858,1.3871454862447885,0.10580089052609347,0.008925403365779907,-1.2983415744720248
16,-2.307179195697491,2.43467883843642,1.3211586005871112,0.1097743253505558,0.008679444213833558,-1.3311699924119023
17,-2.315994019141564,2.443386308963482,1.262258801827064,0.11374112820133157,0.009136865150456855,-1.3828288327663316
18,-2.3234837752122144,2.450855306478647,1.2086076281620906,0.1187463355583882,0.008911478786020104,-1.4087553308644425
19,-2.330939482175387,2.4583835653158332,1.159465799331665,0.1215140879701037,0.009001542028005518,-1.447939734940135
20,-2.337604714173537,2.465393364246075,1.1134846448898315,0.12392048202796814,0.00909114472670566,-1.4641690997902406
21,-2.3433246436485877,2.47134941981389,1.0721544707738435,0.12647947669029236,0.008972987882929658,-1.4630338073870457
22,-2.3500758794637826,2.4784021810384895,1.0338976335525514,0.13386908337610579,0.009102182723410906,-1.4474006191306157
23,-2.3559777773343598,2.484752769470215,0.9983464136490455,0.13534070141271715,0.009073679455034777,-1.4238314005213046
24,-2.361455025306115,2.4905589367793155,0.964869333413931,0.13834769121550639,0.008901226475253838,-1.4013934802571568
25,-2.3667108022249663,2.4962500168726995,0.9346460322233346,0.1418975831581912,0.008980293724036545,-1.3632409244502357
26,-2.3701245073171764,2.4999219901745136,0.90612949352998,0.1435292004992109,0.008972799059413715,-1.3170440727417623
27,-2.3757435065049393,2.5058871658031756,0.8790842054440425,0.1501947057629944,0.00897124496826885,-1.2640666852303601
28,-2.3805026127741886,2.5111256489386924,0.8536364338948177,0.15049147899817983,0.008974536386139076,-1.2394879542359518
29,-2.385808731959416,2.516807375687819,0.829522204032311,0.15306131487045813,0.008918339719807883,-1.2009397865435398
30,-2.392015732251681,2.5235502162346473,0.8074942295367901,0.15570560241237694,0.008803802170713833,-1.1722980300220875
31,-2.396535114141611,2.528425428683941,0.7861914966656611,0.16023239466028477,0.008977760876947587,-1.1262111384934241
32,-2.4018102249732385,2.5342311279590315,0.7660765989010151,0.15939208899342686,0.00919130787150849,-1.0734980915664534
33,-2.4067634105682374,2.5395365590315597,0.7481746589220487,0.16704741653499253,0.00892793815668433,-1.0280027947294603
34,-2.411740474700928,2.545055577204778,0.7308308977347154,0.16585764008651085,0.009172953135513385,-0.9621081078818084
35,-2.416680136460524,2.550353143398578,0.7146059164634118,0.16788891996812383,0.008810392320326982,-0.9206213393342604
36,-2.4203730891301083,2.554529566398034,0.6988698726433974,0.17282454368718173,0.00884812786628347,-0.8482269726761984
37,-2.4266505094674917,2.5613504079672005,0.6844435128798851,0.17619963831037555,0.008795968615749014,-0.7948036707869364
38,-2.4303568091759313,2.5654787313021146,0.6707615773494428,0.17539022281902647,0.008751670740237203,-0.7187176992040162
39,-2.434652103277353,2.5700911045074464,0.6583076552244334,0.17625175293432463,0.008887159911522625,-0.666447638098253
40,-2.4386707643362193,2.574456629386315,0.6461481932493357,0.18005586271985954,0.008813081266478114,-0.606764799137728
41,-2.4443579629751353,2.5807089350773738,0.6347610649695763,0.1833261427802777,0.008876842861021058,-0.5494326886233933
42,-2.4465152469048133,2.5831272726792553,0.6237688123262846,0.18535505494940172,0.008777599375900051,-0.4889320405798221
43,-2.450805376493014,2.587823762893677,0.6138791654660152,0.18735116405771413,0.008748962932667874,-0.450607985804934
44,-2.4536701400463397,2.5910794228773852,0.6039423516163459,0.18864313765950158,0.008746036255749268,-0.410963089777789
45,-2.4551130734957183,2.592631644469041,0.5945184122599089,0.186629420983682,0.008971078449501357,-0.37273430865292156
46,-2.4565695946033186,2.5941530007582445,0.5855747387959407,0.19131895640027632,0.008979333483468774,-0.3359185569330093
47,-2.4575778506352353,2.5953042910649224,0.5768824887275695,0.18900809628427576,0.008965691419130345,-0.31332353242766964
48,-2.456601676940918,2.594286324427678,0.5694535649739779,0.19153366108006292,0.008738910595655715,-0.2852035004884825
49,-2.4541981645730826,2.591667346954346,0.5609583186186277,0.18948164883009885,0.008891220507852802,-0.27141752763899096
50,-2.450575755926279,2.587866031206571,0.5544877529144288,0.192500839744686,0.008655693514460544,-0.25106182892661577
51,-2.4473115715613734,2.5844781919626088,0.5475262432831984,0.19105627128017058,0.0089003203496542,-0.2514399355021092
52,-2.4405090720836933,2.5775315306736872,0.5405623047168439,0.19008037905900851,0.008990990019343588,-0.24874162841417374
53,-2.4329836573967567,2.56971406349769,0.5340742391806382,0.18986234465323457,0.009067458134793907,-0.2845173793921777
54,-2.4229017895918625,2.559098957501925,0.5279462104577285,0.19118933653065917,0.0093485415366333,-0.30703412447500666
55,-2.417387318244347,2.554103820507343,0.521952861730869,0.1906516078278559,0.009179424844818925,-0.37726433083004907
56,-2.4084743411724383,2.544238199820885,0.5164761066436767,0.18973090198882128,0.009339049911348644,-0.4269940270743239
57,-2.4041003924149735,2.5399101257324217,0.510484003837292,0.19572354128601355,0.009602613734303538,-0.4976722357469961
58,-2.400599112143883,2.535688022466806,0.5057317027678856,0.1970975709344269,0.009840219644744188,-0.5555632590153895
59,-2.3984001269707313,2.53262788772583,0.49980209414775556,0.20120699170532577,0.00985663131716738,-0.5927201966080097
60,-2.3965517322833723,2.5302206442906305,0.49530610533861014,0.20195109075909362,0.009864366036592,-0.6379312886557448
61,-2.395876748745258,2.52914704983051,0.4900952410697937,0.1987196528310076,0.00960590426784453,-0.6819598078727722
62,-2.3928446556971625,2.5255260159419133,0.48585964578848617,0.20102237164974213,0.009605372153701039,-0.7029950071912293
63,-2.3902094863011287,2.5227207257197453,0.4814166494516226,0.20057349891290752,0.009785497321858318,-0.7245457049356688
64,-2.388097353715163,2.5203868785271277,0.4769928431510925,0.19485153052784981,0.00980363306461261,-0.7518516445378645
65,-2.3883807057600754,2.5204930576911337,0.47197701637561507,0.19996148716965947,0.009381373724772022,-0.7645569175755212
66,-2.382829903822679,2.5145358335054837,0.46841210062687216,0.19884744266030985,0.009513151092847826,-0.7639792151407364
67,-2.382992637340839,2.514405253483699,0.46450850239166847,0.2026823187639954,0.009440954445664762,-0.7605423867155653
68,-2.374672908049363,2.5057368755340574,0.4601300155199491,0.19888601458947594,0.00918965905033257,-0.7608430344577229
69,-2.37315381196829,2.5038357089116023,0.45624505400657656,0.20044918358325958,0.009206905768791197,-0.7781679400610267
70,-2.358487633925218,2.489048090714675,0.45230829834938047,0.20106551037469042,0.00935590980625754,-0.774285239364029
71,-2.3524071480677677,2.481527283741878,0.44902156967383167,0.19998863995622057,0.009392225072471373,-0.7248917309516066
72,-2.3345338205190806,2.4632291493049037,0.44546829572090735,0.19624478923618247,0.0090757403351845,-0.6982310906462713
73,-2.311542318050678,2.4393918206141545,0.44190022312677824,0.20011131055311326,0.0092656068726007,-0.7223657353208699
74,-2.2912499218720654,2.4166769731961764,0.43837094123546894,0.19641600016060226,0.009670686839712322,-0.6377429163784062
75,-2.2689011669158936,2.3935525784125695,0.43558391543535085,0.19532795783576615,0.00934074254740679,-0.5748549172090828
76,-2.2575053985302267,2.3811546597113975,0.43238434699865486,0.19059239423603092,0.00939992330370283,-0.4730495769496358
77,-2.243153735307547,2.3655514115553635,0.42909128638414235,0.19104725395867583,0.009290190293974833,-0.39668198463019977
78,-2.2497838299091044,2.372428629214947,0.4264441622220553,0.19052572398010745,0.009222931378102357,-0.3814074230303458
79,-2.235319729218116,2.3567394755436823,0.42322262855676507,0.19305671806182337,0.008985121294411771,-0.19250852672742047
80,-2.243987187605638,2.365777140397292,0.42027582957194404,0.19095814761218674,0.009035731554714911,-0.08134669978000703
81,-2.234256285887498,2.3568808166797344,0.4173128374723288,0.1941973138429703,0.008887476287782192,0.04437077322274173
82,-2.235976783312284,2.3581940687619722,0.41446157281215373,0.18723020559057182,0.009028001184310389,0.21571616825023923
83,-2.236265989450308,2.3597732734680177,0.4120367591197674,0.1898141578523391,0.008946723945507216,0.2972863110790559
84,-2.2256475261541513,2.3490566161962656,0.40838395283772394,0.19051805658077975,0.008750020551982277,0.3957145045930093
85,-2.2139497250777023,2.337383232850295,0.4060617033334879,0.18745556097785268,0.008743265348939447,0.4372878555857807
86,-2.2177412700653076,2.341365809073815,0.4034043799913847,0.18985726007627785,0.008836178463635914,0.46566138464376466
87,-2.2027280657108013,2.325527493403508,0.4010627153286567,0.19266228746930394,0.00884544379889555,0.47850319756827225
88,-2.1889170598983765,2.311771542475774,0.398729367347864,0.19096822927304363,0.008779743118126184,0.529000297052051
89,-2.1875257503069365,2.308683200249305,0.3960426173760341,0.19060898763597559,0.008829309686232325,0.5600881141806962
90,-2.1931947267972505,2.3150665107140176,0.39348993475620564,0.19146714735468592,0.009024513761487302,0.5899325024097337
91,-2.1802063135000376,2.3014672484764684,0.391068287721047,0.19430878594381,0.008627834328270833,0.6317703663755995
92,-2.1375228052872877,2.2578160139230583,0.38924150072611297,0.19936705674600164,0.008879681831277018,0.6460768553095126
93,-2.141975598335266,2.26340205852802,0.38670211764482354,0.20019709489761142,0.008835632657341727,0.6749421918610914
94,-2.1571923010165874,2.279988444401668,0.3845104905275198,0.19873308561263828,0.008837248766880244,0.6894531558959855
95,-2.156960347982553,2.2796576852064865,0.38219843075825616,0.201121194373577,0.009027123344429863,0.8478513802957097
96,-2.146903174106891,2.269789719214806,0.3800374528077933,0.2037395106269679,0.009236778500019957,1.017905302003983
97,-2.136113697565519,2.256533002119798,0.37749681436098537,0.19518257581859555,0.009085501697973921,1.068102809814138
98,-2.1247000569563648,2.2460325703254114,0.3756756954926711,0.19746950651527545,0.009020618103239515,1.155351494430402
99,-2.120690919802739,2.2390514392119187,0.3736286697937892,0.1984528092616195,0.009068742539699472,1.2241523457229684
100,-2.108925318351159,2.2339471912384035,0.3714857889138735,0.2143368745615723,0.009198209676686504,1.149369322378701
101,-2.1055719966154833,2.2288413968453042,0.3698818135720033,0.20320933824832285,0.008773123469511304,1.3029083675200785
102,-2.098607522891118,2.2214462287609393,0.36797694128293257,0.20693938229062142,0.00885929121558956,1.4515736846748841
103,-2.12845660503094,2.249011664757362,0.36569888898959524,0.2063482570538827,0.009161063602382164,1.434998092301395
104,-2.1035781401854297,2.227411128924443,0.36342823835519644,0.20323161999566838,0.009204314902014689,1.4293468884371836
105,-2.0713241474445048,2.1937923101278454,0.3616468913738544,0.20852393609121306,0.009047552024723467,1.648392990094806
106,-2.0791514213268574,2.202867025962243,0.3599480065015646,0.21053948301240938,0.009045192224204267,1.6976058155024818
107,-2.099307210628803,2.2220913472542394,0.3580643282028345,0.20983138051601724,0.00896860196451665,1.6168355974582358
108,-2.0697624254226685,2.191246949342581,0.3563151980821903,0.20908390764796406,0.009238872681359906,1.6645511487208375
109,-2.058949706371014,2.181868799649752,0.3542811163113667,0.205888064629441,0.009103913808566167,1.6203265901005597
110,-2.0470471279437725,2.1668467661050648,0.35230911048559044,0.2123594415297202,0.009266258947927198,1.5848696461511314
111,-2.0774697560530444,2.2025352551386908,0.3512539442227437,0.20451264165410207,0.00919854824661935,1.7390313520344025
112,-2.036366532399104,2.1607508512643667,0.3494352656144362,0.21139948480172988,0.009116544589024344,1.8277578485121422
113,-2.050284273807819,2.175848707785973,0.3474892267355552,0.20886689684259782,0.00911132687138855,1.8383322363599726
114,-2.077605648407569,2.207443695435157,0.3455011607133425,0.2351925882997863,0.009374962833393877,1.9081277278585171
115,-2.090479398874136,2.214484701890212,0.34416139694360587,0.2111645108516063,0.009101777717710362,2.0489997459114146
116,-2.0218163926784807,2.147928624519935,0.34240951666465175,0.21641872987287855,0.008898655883967876,2.0508443849896074
117,-2.0115719270706176,2.13964178782243,0.34095134414159334,0.21923670022312655,0.009074864768072826,2.109166773087388
118,-1.991633681517381,2.122711049593412,0.33882766641103307,0.22155310363944516,0.00927559809263693,2.2817097683565333
119,-2.0045588592382577,2.133304532124446,0.33757336854934694,0.228169821134401,0.009076470662967875,2.3328733498897027
120,-2.0198589897155763,2.1503084028684176,0.33627638110747704,0.22854016283783343,0.009238571321608824,2.2955247229392377
121,-2.0129875968052793,2.1455790893848126,0.3348929065465927,0.23625007148729552,0.009101685837184617,2.2395470306413983
122,-1.9313937785075261,2.0614596359546367,0.33227612550442037,0.2385348026905585,0.00917587713808368,2.430447902154485
123,-2.0060908658687886,2.1403674305402314,0.33133767526883345,0.2256879673911891,0.009302508765233492,2.451949226746865
124,-1.9557446850263156,2.084563479423523,0.3302106058597565,0.23145457186283322,0.00921982859577471,2.441436292928293
125,-1.9736628385690542,2.1050779940531803,0.3290876041008876,0.22642541820303017,0.00896748324958693,2.5504885507286144
126,-1.9770121633089506,2.106004902399503,0.32747420297219204,0.22555902586617602,0.00940279329383592,2.565530475126494
127,-1.9961502335621761,2.133137229039119,0.3259941875934601,0.2300671319895928,0.00939217023551464,2.63248195123235
128,-1.999907703766456,2.1322484221825233,0.32433567725695095,0.25011393482531974,0.009143855879852258,2.6423801566482683
129,-1.9037548123873198,2.0360127489383406,0.3229545191618112,0.23916450949437026,0.00946508310393456,2.617573213139805
130,-1.976593143756573,2.109873033670279,0.3216316010401799,0.23989146756469656,0.009040938780019317,2.7921237726824
131,-1.9694851743257962,2.1003180723923904,0.31989396769266865,0.2364460583263581,0.009044414027294981,2.8146225837392547
132,-1.9971754107108484,2.128869359309857,0.3190082510159566,0.23276104115018056,0.009263080707110396,2.8636674574755747
133,-1.9725459638008704,2.1014720186820397,0.3174449375959543,0.2355168193852136,0.009087322228545443,2.779630580079665
134,-1.9632841832821186,2.0970536360373866,0.31648704450864057,0.24044456490136068,0.009454931273475426,2.7443136993898163
135,-1.924976501098046,2.0537679822628316,0.31478221086355357,0.23833899951856072,0.009224795749188837,2.7736905080462813
136,-1.9556970959443312,2.093321592624371,0.3134634486070046,0.22802536709046145,0.009022498170101862,2.7294188180101027
137,-1.9706938893978412,2.10682823071113,0.31267367211671976,0.2444941208723488,0.00924350352052155,2.8645877991247612
138,-1.9884845990401048,2.1200039019951453,0.31111487980072317,0.23806537824486373,0.009389192895502399,2.9749825044509466
139,-1.9415029470737164,2.0703602922879734,0.3098512390943674,0.2310104638064673,0.008906278357661645,2.9646004164984467
140,-1.999264837044936,2.1298806520608755,0.30844188910264236,0.22706616765588794,0.009305977271100796,2.991196807371367
141,-2.0601502341490527,2.1871686796041634,0.307352637052536,0.23292142562909957,0.009328758211618443,3.1492557306902125
142,-2.0307793169755204,2.1575391938136175,0.30601975317184743,0.22833032044795676,0.009182307933277766,3.187048750186185
143,-2.0008824275090142,2.1254274309598484,0.305059146468456,0.23194822997128198,0.009078239441054677,3.086441963090809
144,-2.0024478065050566,2.1199593485318697,0.3038314369091621,0.21941515147139173,0.00910960978597676,3.0796493434031076
145,-1.9523741399324857,2.0786989879608155,0.30272598064862766,0.2419219887858137,0.009241989736846827,2.889011140263409
146,-2.040587868323693,2.1654372519713183,0.3013579806456199,0.22224204994122918,0.009102239307665497,3.530060267229693
147,-2.0433707798444307,2.167061473773076,0.30065155817912176,0.2378863669043287,0.009041493980709565,3.4645196516579446
148,-1.9761813603914702,2.0957573028711174,0.29916947218088,0.22625045464673174,0.009252472716563065,3.404979119607068
149,-2.0516997682131253,2.177830402667706,0.29793033874951874,0.2306881209305667,0.009033711699751812,3.7392200701827303
150,-2.0645111047304594,2.1845348970706646,0.2967537531485924,0.21372692259626652,0.009389970895894077,3.8387587595423427
151,-2.1224378915933464,2.246471033829909,0.2957764272047923,0.22467540149841833,0.00923857245799325,3.9048757071888773
152,-2.1052944080646223,2.2256956041776217,0.29422448680951047,0.22421577757378236,0.009188231913834263,4.068972058252457
153,-2.1608026852974525,2.2833108043670656,0.29335590614722323,0.21929502391487088,0.00929750527742259,4.063939938851453
154,-2.1233332600960364,2.243370809188256,0.29220706215271586,0.21703800340311244,0.008994844472975633,3.795118121925844
155,-2.027480379984929,2.145093580025893,0.2906371344969823,0.22205078041334764,0.009186018779532078,3.6354007699074002
156,-2.1112441077599158,2.2321786601726825,0.29025019283478076,0.2139021007839693,0.00912362020975406,4.025144246740079
157,-2.128303478314326,2.252203189409696,0.2892223917520963,0.22017280538694575,0.009299493117104157,4.441927638622599
158,-2.079048955990718,2.1958600660470817,0.2879023076479252,0.22010059121551864,0.009346219343603204,4.458347311807335
159,-2.086031763003423,2.2045766500326303,0.2867239882854315,0.22028573199149665,0.00910583005175678,4.31102613571587
160,-2.0951012596717247,2.217384502704327,0.2856902942290673,0.21815193410313458,0.008918808666356933,4.292071475895173
161,-2.1523945298561684,2.2733591211759125,0.28492855085776403,0.22452327390329554,0.00918032600194079,4.572692564868052
162,-2.0974831870885997,2.2182661349956807,0.2837880504589814,0.219674006514593,0.009013238555213453,4.543874145647801
163,-2.104803938132066,2.222450496967022,0.2827586576571831,0.21249134838581085,0.009109663828318819,4.392286628758142
164,-2.1630793256026046,2.285129148043119,0.28163355144170615,0.21027021684231015,0.008937633156332128,4.647888021731595
165,-2.1636787733664877,2.2859313069857086,0.28058810765926656,0.21178544401575666,0.00907660037313306,4.600017840709161
166,-2.150022253256578,2.271531004538903,0.2798981806406608,0.2154467017005343,0.00891538926425877,4.615922166666853
167,-2.1077548591907207,2.2245267229813797,0.27859574290422295,0.20562287413199012,0.00908052631645301,4.547259864457157
168,-2.1264895582199097,2.245091947408823,0.2776801863083473,0.20860011875629425,0.009282031173416234,4.770242327943854
169,-2.142328006671025,2.2648292299417347,0.2767174526361319,0.21288577309989054,0.009332586378884424,4.8667142719303795
170,-2.1463102986262395,2.2680903794215275,0.2756009112413113,0.21686941508306276,0.009377240177688248,5.136203433395526
171,-2.140346804031959,2.2611861478365385,0.2743544525366563,0.21548014892897474,0.009249243295725879,5.250864238914
172,-2.082234026468717,2.2011871286538933,0.2736540932380236,0.2117018495951224,0.00912674110160645,4.857177703752431
173,-2.112036602313702,2.234640594629141,0.2727174243560204,0.21745317955629542,0.00898875367460311,5.570982941793739
174,-2.1600924411186804,2.2818921859447774,0.27184708187213313,0.2080382010258666,0.00923405643210772,6.084516267164038
175,-2.17577041882735,2.297677318866436,0.27028498420348535,0.21330279822743267,0.009108664980585423,6.1690676277930585
176,-2.0824974071062528,2.2014537789271427,0.2703266901236314,0.21121861245654044,0.009127674252649239,6.0258153556683745
177,-2.1236916347650383,2.242939962240366,0.26843857792707587,0.2051906182405052,0.00928330808074786,6.460972077255949
178,-2.186021653322073,2.309446425804725,0.2681304328258221,0.2104676825190903,0.009112655163802412,6.786514404716842
179,-2.1450154634622427,2.263192716011634,0.2666638777806209,0.21719475746701616,0.009169473180359383,7.039387431713419
180,-2.1945273912869965,2.319628843160776,0.26575998430068676,0.21258903431509613,0.00903923814227685,7.394252973958986
181,-2.180896205168504,2.3019924251849835,0.26504428625106813,0.20638978412938774,0.009248157095915954,7.252536970541017
182,-2.1802705713418815,2.3028296455970176,0.26432653670127576,0.21339804549282843,0.009132869883414801,7.397699045478751
183,-2.178286740596478,2.3007426247229943,0.26317051713283246,0.20355347578131824,0.009144488059907058,7.489779957937538
184,-2.149722529558035,2.2741576928358813,0.26254900148281685,0.21573995750978453,0.009107919619205075,7.647754244848129
185,-2.140412622598501,2.26371336716872,0.2614315949036525,0.21909561247453777,0.009564014168780877,7.580565124476721
186,-2.168537317789518,2.2940285770709696,0.2611276445938991,0.22116803692294917,0.009278939716483749,7.92899641859422
187,-2.1354769981824435,2.2584090702350323,0.25980673203101523,0.21280280876597132,0.009425921258815658,8.008323678182899
188,-2.1636650191820586,2.2879079877413235,0.25902173743798185,0.21077935643699192,0.00904988804661216,8.395980537484546
189,-2.223008122077355,2.3523010694063626,0.25795128914026116,0.2115020219475851,0.009272749839060077,8.711199567952287
190,-2.242554368239183,2.37464775965764,0.2570644104022246,0.2112928470340344,0.009080488896937272,8.450192088380867
191,-2.2039426825596737,2.3309475253178524,0.25650692825133986,0.2155987815845997,0.009184675278364245,8.02774805103967
192,-2.22359359227694,2.3545133884136495,0.2548864153256783,0.22085659123888804,0.009326723160717738,8.292421949019126
193,-2.1932230127774752,2.320695599776048,0.25466205711548145,0.2248784459512168,0.009254531247045743,8.209482302359485
194,-2.1159160742392906,2.237877313173734,0.2534840374268018,0.21723288871826382,0.009079430444559099,8.055727420596902
195,-2.2073623158381537,2.332467217078576,0.2526596087217331,0.20788960486923883,0.009180732088488176,8.517816512956532
196,-2.2095457432820247,2.3335454662029558,0.2523190003175002,0.20213374358798386,0.00929850947812473,8.447344473742564
197,-2.2103602842184213,2.3374204224806565,0.2507229346495408,0.20866130661526952,0.009199777075491094,8.615263072722549
198,-2.2016853882716254,2.3277770335857686,0.2507520227248852,0.21185635467734906,0.009235719013788285,8.816439147389262
199,-2.2055955916184646,2.3321100029578576,0.24955734060360835,0.21027196943759918,0.00914599744329622,8.706689782098893
200,-2.197104108883784,2.320250605069674,0.24880892817790692,0.21221796594081668,0.009113615297567133,8.807161545534747
201,-2.2214904873187726,2.34817693563608,0.24793360563424918,0.21359850411568213,0.009405881807276415,8.790841855040384
202,-2.168271127480727,2.2906768358670746,0.24698294268204615,0.20488127437206582,0.0091170931978305,8.892004695507364
203,-2.1890233832139234,2.313506283393273,0.24639403036007515,0.20896745958459487,0.009108694718825982,9.401055974697847
204,-2.1566710141988903,2.2765719281710113,0.2453964728116989,0.212892482450249,0.009175234055573788,9.39224797870041
205,-2.2067709475297193,2.3328578948974608,0.2448796750490482,0.20555511506599025,0.00902973851103575,9.560427586966698
206,-2.227810594852154,2.354043818253737,0.24404230422698533,0.21301440265747384,0.008938234688184403,9.764291702060525
207,-2.1640959787368774,2.2837555797283464,0.24307815764959043,0.20870661311740174,0.00931023202682717,9.676255602355397
208,-2.2189817215846137,2.3473507881164553,0.2423433362062161,0.2050390347428278,0.00918319603052298,9.850628231643537
209,-2.252899311505831,2.3845693867023177,0.24132427868934778,0.21222413365447193,0.009358305659213471,10.070054028012336
210,-2.269425098712628,2.4022767653832067,0.24088874156658466,0.2084561612354506,0.009098433496413427,9.869457262371657
211,-2.2604346752166746,2.3900812853299653,0.23987772253843453,0.20561348974978158,0.009148058344806554,9.759050220524498
212,-2.1946501049628626,2.319962610098032,0.239125122152842,0.21280008390409136,0.009132711477406802,9.574271272081848
213,-2.199165953856248,2.3236195534926196,0.23870306578966288,0.20762007109342365,0.009139177496245968,9.661080264170236
214,-2.2201873595897967,2.3467902873112605,0.23797878081981952,0.20713059153031865,0.008687168124789766,9.900636917954191
215,-2.208043796832745,2.332916723398062,0.23654138065301455,0.2120121258114456,0.009078389473703749,9.798481381267582
216,-2.2339264290149394,2.361672097719633,0.2361251853979551,0.2032774298562916,0.009097618918114026,10.101530337552411
217,-2.2667796406379113,2.3986397948631875,0.23566799617730655,0.20196086387021825,0.009255214701107609,10.340144227404114
218,-2.2647012299757736,2.39475312599769,0.23466374319333297,0.20134608700461343,0.009398088145385916,10.196842622319492
219,-2.192609001306387,2.3174934812692496,0.23386633629982287,0.21112788947076971,0.009187082401177752,10.08441442087156
220,-2.172455715399522,2.2961505317687987,0.23322233619598243,0.20931599924870586,0.00913945113419803,9.988816016310945
221,-2.1952381185384895,2.3200175373370833,0.23254793364268084,0.20715765901114963,0.008959871964580422,10.186314994042073
222,-2.2655453696617713,2.39416801746075,0.23192575665620657,0.20395370429262108,0.00900336377613178,10.479171376709544
223,-2.2506195618556095,2.377483413402851,0.23130435842734118,0.20062239153669514,0.008830061639496766,10.371858220581615
224,-2.2219800934424767,2.3464359386150653,0.23045802561136391,0.20332742024452313,0.008987295372975528,10.273867327138918
225,-2.226749094082759,2.355538856799786,0.2297462017261065,0.20587837436330428,0.009094840919581848,9.910952401817392
226,-2.2260526459033674,2.35271362891564,0.228964012998801,0.2047873817452597,0.009308032734199948,9.365882681050431
227,-2.217067970862755,2.3401457874591536,0.228045046879695,0.19893199212233956,0.00901513481768993,9.702371089830311
228,-2.2298112451113186,2.356929959517259,0.22750109328673437,0.19287936601343506,0.009176057302008529,9.88893004951127
229,-2.2241681634462798,2.3488913873525767,0.2268322778206605,0.19950848059096468,0.009088847431602008,10.085413110365561
230,-2.2199412243182843,2.346309626652644,0.22613411699350064,0.20115060297721024,0.009091007510422293,10.509018346803998
231,-2.237217308191153,2.364429139357347,0.22551474222770104,0.20130359169540055,0.009053998707938906,10.595955533718843
232,-2.2284897272403423,2.354714990762564,0.22437417479661795,0.20638969376546526,0.009357611072001927,10.468411156890589
233,-2.2391500949859617,2.3655708048893853,0.223912932070402,0.19593936580857005,0.009351927325676341,10.640410187047555
234,-2.240963676892794,2.368620810875526,0.22271345179814558,0.20239880393951312,0.009122246034750972,10.619681682061712
235,-2.284654395030095,2.417016726273757,0.22257260959882003,0.19631263381297434,0.009210659088481456,10.670668864468915
236,-2.2221866930448093,2.346635925586407,0.22208965805860667,0.20328761063037662,0.009375692836495989,10.345727334328748
237,-2.245878143310547,2.373258348611685,0.22103765428066255,0.19943067219552643,0.009235420332657635,10.424419254337975
238,-2.253234283740704,2.382189163794884,0.22032789684258974,0.19930220853298083,0.009150662925094366,10.427969713823511
239,-2.216329796130841,2.34208400286161,0.21954488424154428,0.20419493652538423,0.009141458920416755,9.885248411686048
240,-2.2254030711834245,2.353159404167762,0.219240208199391,0.2054172150038798,0.009008455923288514,9.729002366372205
241,-2.235376919232882,2.361939031160795,0.2185632445720526,0.20265344646545724,0.009200416501064639,9.491019975154773
242,-2.2548704844254712,2.3821296589191143,0.2178823168690388,0.1952684077374432,0.009232325821157988,9.66050123512198
243,-2.2511861456357516,2.3789806806124174,0.21709430710627484,0.20184509066540166,0.009117830228573138,9.626104967309795
244,-2.204378765913156,2.3277586775559644,0.21632876944083435,0.20095328624368808,0.008995283040465839,9.531579227622496
245,-2.2214302847935605,2.3464571043161246,0.21608968461935338,0.19159550329140568,0.008866814417986695,9.44907897984216
246,-2.227588225878202,2.3537672145550066,0.21475840183404776,0.1967750894367148,0.009319402529524828,9.319823168833322
247,-2.232818506681002,2.358177368457501,0.21457363435855278,0.19877001909761255,0.008886843684787324,9.366325304048871
248,-2.2489409145942103,2.374697082226093,0.21383357355227836,0.19752076473257957,0.009067729124030388,9.626432900035054
249,-2.2411928132864145,2.3679082621060883,0.21356502709480432,0.19733252355811792,0.009277734700419487,9.487445840048133
250,-2.2496897690112774,2.376798645899846,0.21219014291579907,0.1917587820132938,0.00892387606938361,9.791422205233793
251,-2.2185100151942327,2.342358209169828,0.2117490337215937,0.1991917590755935,0.009167223233182769,10.031893975144133
252,-2.217826816852276,2.3431869301429162,0.21141447777931507,0.1983382010131801,0.009213089349107185,10.107723752293017
253,-2.211032251578111,2.3385287343538725,0.21042683074107538,0.2017671791922062,0.00922831881432495,10.258591966891508
254,-2.231944972551786,2.3581031725956842,0.21000389250425192,0.19618867159983433,0.009139556061784062,10.519626188715664
255,-2.2044322384320774,2.3277778933598445,0.20955959975719451,0.19670788902755176,0.009220652991410243,10.674787512613
256,-2.2557000321608323,2.385319279890794,0.20865808585515389,0.19808509945869446,0.009055345566994553,10.842216631688109
257,-2.2562815996316763,2.3855636875446025,0.20777238650963856,0.196835236265025,0.008967561728466269,10.651840831161639
258,-2.2035603413215052,2.3294884358919585,0.20746297847766143,0.2019525309768292,0.009159218605368509,10.621479751866891
259,-2.228874106040368,2.354328387333797,0.20697489516093182,0.19986359296588724,0.009250352411197687,10.969975034031298
260,-2.225982768719013,2.352773656111497,0.20608638800107515,0.19764996408869367,0.009072236520229676,10.844585707428259
261,-2.2092731758264397,2.335145692091722,0.20551772594451903,0.19626730762490438,0.00915972095563871,11.146170878629071
262,-2.221209930273203,2.346950196486253,0.2049325907230377,0.19822574242812777,0.009193156260586933,11.138274962748957
263,-2.246813233448909,2.3758336345966047,0.2041079280926631,0.1956355406330266,0.008954720195690427,11.164227354417154
264,-2.257823174549983,2.386361945225642,0.203724094079091,0.19472766824818533,0.009426903415368785,11.156106992599067
265,-2.232063366816594,2.3581424023554876,0.20300812017459136,0.19207613799003287,0.009151699790440568,11.119520178628624
266,-2.2343227320451002,2.3599911190913274,0.20252664737976514,0.19753206172667512,0.008985524232405315,10.917797596082774
267,-2.2388144639822154,2.3674444183936485,0.20171952325564163,0.19588097417299902,0.009079534163134634,10.710636628877133
268,-2.2455838364821212,2.372706736051119,0.20146102561400486,0.19607701521674428,0.0092171140040758,10.831609087252836
269,-2.2378306205456076,2.3658529985868015,0.2004752755852846,0.20029412797831614,0.00910451436637465,11.032613229314121
270,-2.250050413425152,2.378437373821552,0.20016238804046924,0.2026152837713924,0.00935418016080736,11.061998446053321
271,-2.244982456794152,2.37288963171152,0.19977515284831707,0.19466682345768727,0.009247882022530934,11.109284838405225
272,-2.257189286305354,2.3868096806452823,0.1987503799337607,0.20347639405672704,0.009493197224726644,11.289464381856655
273,-2.2176368397932786,2.3442059722313515,0.19810710095442258,0.19194706126090583,0.009165357776977327,11.409972392090964
274,-2.24466568506681,2.372459052159236,0.19757865328055163,0.19506826470477864,0.009312558325366416,11.67330045437594
275,-2.2413187804588905,2.3697834293658917,0.19688629402564123,0.19228210744507815,0.009213721127582526,11.735415029963223
276,-2.2325999590066763,2.35985170511099,0.19648335355978747,0.19726098725281724,0.009519185700000973,11.889111448865417
277,-2.24642270895151,2.374756146944486,0.1960366699558038,0.20552348516402988,0.00925017379805309,11.81452003968965
278,-2.257699964963473,2.3860228494497444,0.19542540511259665,0.19369483219647626,0.009348321889757837,12.052391367221098
279,-2.248750302241399,2.3759831443199744,0.19477254732297017,0.1984290168236155,0.009077329039061015,12.095630523261674
280,-2.2610565071839552,2.388957361074594,0.19406685661811096,0.1905643639214542,0.00926538817840842,12.233816164349196
281,-2.2388968086242675,2.366197788531964,0.19375756958356272,0.19646491602473304,0.009135395860931742,12.241823257656272
282,-2.249400599553035,2.3781716126662036,0.19307904821175795,0.1969746183774887,0.00905498328678515,12.565622102229968
283,-2.235622633787302,2.362650249187763,0.19257564157247542,0.1954244780567808,0.009165904634213502,12.642144360673537
284,-2.2427830622746394,2.3711669628436747,0.19161169077341372,0.19658960511378193,0.009359828619406037,12.442953748440523
285,-2.2511725719158466,2.3808399376502405,0.19151381167081685,0.18874141375679487,0.009209514800630031,12.580414255824659
286,-2.248852800956139,2.37820311326247,0.19079223561745423,0.18870177201995061,0.009304716866976077,12.738988202646238
287,-2.2564213327261116,2.3859999553973856,0.19046867469182382,0.19298358562342618,0.009440691146247704,12.647600235195334
288,-2.2557621339651255,2.3849089607825644,0.1892715413753803,0.19769561516309003,0.009215064402327899,12.572494585579689
289,-2.2478516138516937,2.375984321007362,0.1891529262295136,0.19347926646197608,0.009015777071408175,12.675493966548816
290,-2.2500755170675424,2.3781219834547778,0.1884749905191935,0.19498058210272307,0.009067374208959145,12.622026067261302
291,-2.2359808701735275,2.363980208176833,0.18789528640416953,0.19817042111530217,0.009088070943541483,12.826380843416267
292,-2.2277472965533915,2.3556005419217625,0.1874989273914924,0.1978748014213842,0.009281077678528947,13.19111263205152
293,-2.2342878899207483,2.365282710148738,0.18665895523933265,0.19824909617047792,0.009072195712921269,13.450511748637629
294,-2.24278520657466,2.3715318092933066,0.18645949709873932,0.19430585369604444,0.0092849414966522,13.45291291683092
295,-2.2424780024014987,2.3731891837486856,0.18596259323450234,0.19486585737915213,0.009154826940951544,13.555904038455509
296,-2.258302500798152,2.387658351017879,0.1851127896629847,0.19489785304310125,0.00912704277322243,13.712897913171611
297,-2.2657003527421216,2.394824776282677,0.18482937237391106,0.19109121491329387,0.00907904564172303,13.559038442209227
298,-2.24305949651278,2.3719685862614557,0.18389804193606743,0.20185747920373165,0.009445537056842255,13.527803735995512
299,-2.2433388761373667,2.370683960547814,0.1836671563065969,0.202377047013799,0.00923190157809252,13.538585015393178
300,-2.2482920720027044,2.378020770733173,0.1830351017530148,0.2051532597990211,0.009287849461676878,13.628736014759868
301,-2.2380250175182637,2.3664779134897085,0.18247479590085836,0.1920928007692372,0.009276127895562473,13.732853137025046
302,-2.2470000369732195,2.3785879105788013,0.18203677113239583,0.19679361458765257,0.00932224042747819,13.827283063066115
303,-2.243182044029236,2.373042100759653,0.18129816642174354,0.2051274819521729,0.009097029271304881,13.994006051929718
304,-2.2669525322547326,2.3991994006817157,0.18099151462316512,0.19351654752678826,0.00907022999001479,13.883900134935292
305,-2.255563375399663,2.3858909900371845,0.18057767943694042,0.19598164402563636,0.009085648834124344,13.816730035554379
306,-2.248502323444073,2.379198690561148,0.17999683123368485,0.1934036550992126,0.009203726442855432,13.96299833770192
307,-2.2593363483135516,2.3914337686391978,0.17966716789282286,0.1909302975469773,0.009065189142497855,13.98186772897703
308,-2.2676826433035044,2.400509966336764,0.1789515764896686,0.1970849577850158,0.009312088767903934,13.879873905706843
309,-2.2593414519383357,2.390104698768029,0.17822525375164472,0.20359334595706485,0.009434993583879886,13.712755859444995
310,-2.2392980678264913,2.3674923441960263,0.17790471755541287,0.20030370190602922,0.009097395187090023,13.615374302645343
311,-2.2457444546772884,2.3740793169461765,0.17724139367158595,0.19479355010964455,0.009065715506365266,13.770050223814238
312,-2.244995814103347,2.375036559471717,0.17645822169689032,0.20300395636383547,0.008976211361245278,13.766257916021784
313,-2.2496067978785588,2.379057077261118,0.17599553569005086,0.19994236863807802,0.009235349018126726,13.862397517633001
314,-2.2505854547940767,2.3802434422419623,0.17560463320750458,0.19713847017889724,0.009017125318903443,14.083395214255797
315,-2.268694622700031,2.399008601262019,0.17546054874475187,0.1968663265125467,0.009007392489616203,14.098861213124126
316,-2.2574292791806734,2.3880583102886495,0.17449958503246307,0.19366951485019213,0.009363873511416102,14.059566699036765
317,-2.2463796674288234,2.3757129962627705,0.17448232130362437,0.20013064528823993,0.009427697051726623,13.964883183120588
318,-2.2582356885763315,2.3886263392521783,0.17395680911265887,0.19701596035049596,0.009280969059829591,13.900980791914353
319,-2.2674667659172645,2.3984240458561823,0.1733816519150367,0.19722424946520306,0.009093142699860378,14.01712089503577
320,-2.247184132062472,2.3762911341740534,0.17273449934445895,0.19730043397584093,0.009166605710778215,14.086590609419236
321,-2.2649870219597448,2.395462802006648,0.17222774170912228,0.19704179144507156,0.009206788610120158,14.181447720308917
322,-2.2706232371697057,2.401314697265625,0.17181925610854076,0.20204551012144176,0.009293858209676152,14.143738685397928
323,-2.2641304463606615,2.3937936283991887,0.17145792780014185,0.19977845907758135,0.00903205453939394,13.992278711511455
324,-2.2588599949616652,2.389242430466872,0.17061319887638093,0.20326008900589898,0.009261933168174204,13.885995051182737
325,-2.265535210095919,2.3966673366840068,0.16998743889423518,0.1968398271897517,0.009173509955337835,13.818363294688934
326,-2.264412378898034,2.394006074758676,0.16970763593912125,0.19640988562632045,0.009079183772240483,13.830628211345148
327,-2.2798283672332764,2.414018657390888,0.16908001620035906,0.1982828778547978,0.009094571113723134,13.926753227863836
328,-2.2693248418661263,2.4002212876539963,0.1688265345646785,0.20030505715980443,0.009121512443066464,13.83634605757687
329,-2.2488115307000967,2.379184317955604,0.16833459604244966,0.19443774428389488,0.009185961533098592,13.80847788294521
330,-2.2555848789215087,2.3858263925405647,0.16791098546523314,0.19876585928125118,0.009106317082197841,14.133557074660555
331,-2.2592901156498835,2.389376989511343,0.1672654402943758,0.2057699316411937,0.009179668428393406,14.294827723721845
332,-2.2608198356628417,2.3911326775184043,0.16687601559437237,0.20894781055800413,0.009094231612467711,14.158277152875147
333,-2.2530027910379262,2.381670121413011,0.16648447291209148,0.19855519343133365,0.009302008452765438,14.193551264771628
334,-2.2725516832791843,2.403447224543645,0.16587476828923592,0.20106015279205566,0.00923582329628391,14.14378767276029
335,-2.257573267863347,2.3865547532301683,0.16548321276903152,0.20007761957448558,0.009235359078973805,14.067486754251183
336,-2.252435687138484,2.3819457420936,0.16488597819438347,0.20165394123541105,0.009347485292942152,14.286539287742125
337,-2.2568846482496996,2.3863953018188475,0.16435918629169463,0.19491403666111307,0.009299433209138726,14.293917690942047
338,-2.264043447787945,2.3954974599984977,0.16423661922033017,0.19769464959518626,0.009432540557116544,14.378698340249718
339,-2.2654665140005257,2.3960445433396558,0.16299976644607692,0.20124319195747375,0.009159320956865035,14.406356409055377
340,-2.2675430921407846,2.3993176416250375,0.1628477173585158,0.1994542451489956,0.009121117728907582,14.300392483352521
341,-2.263417053222656,2.3950565220759463,0.1623217296371093,0.20262867014069075,0.009210386074259194,14.541678419900597
342,-2.2748621287712685,2.406174659729004,0.16218307057252296,0.19382113149953545,0.009131904452218922,14.422488676298649
343,-2.2930387218181902,2.426341083233173,0.1616035689528172,0.200644410873225,0.009147064234856346,14.421016736861763
344,-2.2698282579275277,2.4007513515765853,0.1607384388721906,0.20103120161305874,0.009007099533128903,14.115922061675185
345,-2.2835955671163704,2.4155754969670222,0.16067342755886224,0.19724487458620596,0.009042960279749348,14.161213393605083
346,-2.2808565528576192,2.4129392829308145,0.1601534771690002,0.19750283979768052,0.009180830167862801,14.147220611572266
347,-2.275207241498507,2.4062081557053787,0.15986726591220268,0.19986624373208492,0.009340215461550776,14.357164986636661
348,-2.2780964279174807,2.408729664729192,0.15924717733493218,0.19602462580991448,0.009412567020146125,14.12037796055505
349,-2.281649770003099,2.4147081580528846,0.15881206693557592,0.19645068507402316,0.008916546599170483,14.161344904418385
350,-2.262370887169471,2.3911417799729566,0.1583991488814354,0.1996505207151448,0.008937196643732557,14.068356855199971
351,-2.2665123018851645,2.3964020391610954,0.158202137694909,0.20495010919253762,0.009344565993978069,14.226201267417418
352,-2.2715498168651873,2.40366813659668,0.1573586447422321,0.19966391918309237,0.009046973891282848,14.288029443233386
353,-2.282062733723567,2.415505183293269,0.1569840693932313,0.20268855291769045,0.009069404645968195,14.106390130629233
354,-2.264953465828529,2.396289807833158,0.15629058904372728,0.20572317589860445,0.009249896439082852,14.311187892878822
355,-2.277493636057927,2.408532876234788,0.15613953170868067,0.2008872937171831,0.009057649287369546,14.290042457230594
356,-2.269693966278663,2.4010357313889723,0.15580190910742833,0.2025804713095,0.009198946387019999,14.345959190928609
357,-2.2737766500619743,2.4052698047344503,0.15522569807676168,0.19829033185309225,0.009113630126102255,14.200671668446391
358,-2.270933400300833,2.4014905841533953,0.1547030285000801,0.20501409026734327,0.008959412190277096,14.27846413358636
359,-2.2658262854356033,2.3962200370201696,0.1543455145909236,0.20258153940832943,0.008964135204740894,14.31988263786386
360,-2.275009045600891,2.406574243398813,0.15368385310356433,0.20603464967613921,0.009068834086999707,14.326552286060577
361,-2.277931842803955,2.40913266988901,0.15335671353798647,0.20135205382600838,0.009239748786758938,14.372157280598211
362,-2.2813931611868052,2.4133719224196213,0.1531427103968767,0.1944201531213358,0.008954711369486577,14.432770904051054
363,-2.2816281843185426,2.4132746799175555,0.15245172729858986,0.2040024537832365,0.00908824430197614,14.337885909124251
364,-2.2756587850130523,2.407282920250526,0.15211595631562747,0.2044087409152897,0.009182360869140253,14.236452207652802
365,-2.279968029168936,2.4128626485971303,0.1518283874942706,0.205627162863902,0.009166424837681132,14.496599013652277
366,-2.27927041714008,2.412232792194073,0.15124800986968553,0.20259991711979614,0.009129406371658001,14.464229951211072
367,-2.2726440187600945,2.4052413705679085,0.15080238404182286,0.20551541030680368,0.008919414222548041,14.412741074868299
368,-2.2853723548008844,2.4190302892831657,0.15030496874680885,0.20617551486426539,0.009139232931299767,14.617825271886423
369,-2.2835649328965406,2.4170292546198917,0.15000906932812472,0.2034863138554293,0.009063052799586855,14.61161507597757
370,-2.2909272171900823,2.4230338610135593,0.14973508147092965,0.20142031918971912,0.008943974540286928,14.703152744048232
371,-2.2868263428027813,2.4197744839008037,0.14939214841677592,0.20726339259278884,0.009152677230571114,14.537297266338943
372,-2.2763970499772292,2.40757380265456,0.14893581376625942,0.20004201591561693,0.00896114541576543,14.564355115278051
373,-2.265374832886916,2.395886051471417,0.1484811659042652,0.20980229563669328,0.008897158419798821,14.60653928879204
374,-2.2750889268288246,2.4080925662700947,0.1478899187078843,0.20498228749824227,0.00880615922425865,14.639054613375883
375,-2.280606343929584,2.412816540644719,0.1472865744966727,0.20916388047124268,0.008962094467645938,14.601534012260787
376,-2.291140813093919,2.4225445967454178,0.1474940972832533,0.20293439685478123,0.009010032652407338,14.537267501201105
377,-2.273388890486497,2.4035732680100663,0.14661150658359895,0.20731856065605758,0.00896460930774108,14.635384332149401
378,-2.2842698247616107,2.416511385991023,0.1461056406222857,0.20527543305257046,0.00905447357137679,14.557834782731643
379,-2.278949954693134,2.410566767179049,0.14561762566749867,0.20923961986095532,0.008907333101838007,14.719035017381021
380,-2.273707401569073,2.4057499900230996,0.1453330828822576,0.20372224640135372,0.008929096888579907,14.514017192595595
381,-2.2863393372755785,2.4196322338397684,0.14472773065933814,0.20640685634875516,0.009126267524077258,14.722928283411429
382,-2.272801424540006,2.404269796518179,0.1445682312662785,0.2069986353226758,0.009265487889733609,14.813587442450567
383,-2.254237242111793,2.3848470951960636,0.14379316242841575,0.21072102297063267,0.009204615172374687,14.813318725025981
384,-2.2620598697662353,2.3932383170494664,0.14358596604603988,0.2060192183617058,0.008995396871153914,14.845475896782832
385,-2.2689327768179086,2.401112864567683,0.14295563709277373,0.2146504232916263,0.009084479080154261,14.776216629448287
386,-2.2749512987870437,2.40595762692965,0.14286650173939192,0.20717102822360642,0.009100373988167956,14.55998072492967
387,-2.272144593458909,2.40358639056866,0.1422886612552863,0.20918318820655893,0.009053291274456803,14.468056171312245
388,-2.267247885190524,2.3982714080810545,0.14188762644162545,0.21021070734623376,0.009097650335298493,14.498913353736247
389,-2.276075815420884,2.407223815917969,0.1417445111962465,0.21041754708377594,0.009070190754847243,14.461515382889214
390,-2.263254909882179,2.3944974576509916,0.14135947849888067,0.20547841981463477,0.009103133257717715,14.604107804254655
391,-2.268698993462783,2.397996039757362,0.1409339584524815,0.21562601680602503,0.009211704993637604,14.648422836163721
392,-2.261468888062697,2.3924998532808743,0.14042054967238352,0.21165436150830821,0.009289113364669435,14.588562457933339
393,-2.265949662281917,2.3967277967012848,0.14002980864964998,0.212396112262109,0.009186740392186773,14.769157313425607
394,-2.2626486470149114,2.3936574349036586,0.13974126994609834,0.2116630934520599,0.009208324668638477,14.875208189728063
395,-2.2684431864665107,2.3997123366135815,0.13942295654461934,0.2113786413582093,0.008984700272526217,14.833777908885152
396,-2.267538163478558,2.3986729431152343,0.1388798835873604,0.21038893432518757,0.008935423649061438,15.00905110420437
397,-2.2780379500755896,2.408965938274677,0.13867303245342694,0.20966095948984864,0.009248693144683717,14.905678364115024
398,-2.2837889304527867,2.4150784712571363,0.13800138839162313,0.20654289410748614,0.009002356277351532,14.995189666748047
399,-2.280955175253061,2.4125901735745945,0.13782040332372372,0.2043447348229382,0.009193953382996244,15.055908045637498
400,-2.284992149793185,2.4173627853393556,0.13736757947848394,0.203898227816328,0.008806563529331204,15.106860930766535
401,-2.2892259883880617,2.422369481600248,0.13712514840639556,0.20731237168432376,0.008987003890370283,15.17619895060128
402,-2.284788562334501,2.417191816476675,0.13660217336737193,0.2056592943471506,0.008958176790881869,15.082195220737283
403,-2.2834992702190693,2.4164801876361555,0.13628327396053536,0.21201714182939005,0.009232911093314306,14.835012453411696
404,-2.2754110527038574,2.4057726346529447,0.136020804219521,0.2074420487661974,0.009137836810406468,14.907442145391341
405,-2.278379853321956,2.411153678894043,0.13544439004017755,0.20806625129979686,0.009310011589609155,14.816353675422318
406,-2.2798354827440703,2.4119280213576095,0.13495235668925137,0.20746005798151734,0.009197753854095936,14.767622702712313
407,-2.2773493950183576,2.410026206970215,0.1347796073785195,0.20752104405963093,0.009001773483025919,14.752325976660492
408,-2.273509140748244,2.4054671478271485,0.1343467647295732,0.2127910886609226,0.00942546429129642,14.790713441481284
409,-2.2872208764002875,2.419947835482084,0.13376569715829997,0.20834675595301008,0.009204071912265152,14.78479573486048
410,-2.2839005393248337,2.416506165724534,0.13347245275974273,0.21312984113299518,0.009131453410132762,14.789212025633645
411,-2.28198370713454,2.4135754423875073,0.13317321240901947,0.21223532647714702,0.009027036598994644,14.678222070046521
412,-2.2851515557215762,2.4164405529315656,0.1326141780958726,0.21010627686430555,0.009131420971911162,14.814078925946436
413,-2.286552952986497,2.4196503741924578,0.13231768917578918,0.2080087195569222,0.009245561623792036,14.80712202054645
414,-2.280715093245873,2.4128691629263073,0.13203491364534084,0.21357465419200583,0.008868328261471123,14.817145435088271
415,-2.276167134505052,2.406537387554462,0.13147711768746376,0.2175588486118054,0.009179908453290342,14.810738826016767
416,-2.275792739574726,2.407172977740948,0.13096067838943923,0.2149358574950367,0.009301406314271853,14.790487403169685
417,-2.2751517512248114,2.4053066693819485,0.13085414417661154,0.21755494232024622,0.009317780562907184,14.829333007882495
418,-2.2873898117358866,2.419106800372784,0.13029957233713224,0.2165049721888446,0.008987835176938444,14.575091073272425
419,-2.272688954426692,2.4044141358595628,0.13014604632671062,0.2183033331818537,0.009173791795763948,14.684207653780597
420,-2.2859830254774827,2.4176877740713265,0.12962340819147916,0.21788025080064022,0.009152900329321076,14.672386668144016
421,-2.280818314185509,2.4131430171086237,0.12944135499688295,0.20811136470201913,0.009061546428043634,14.640062585883184
422,-2.299492994455191,2.4325590603168195,0.12895907429548412,0.2075263546831017,0.009012155110922154,14.610023586028213
423,-2.2816885882157547,2.412928032508263,0.12865628448816446,0.21636997983543152,0.008884735777119705,14.648532149988577
424,-2.2858048211611233,2.418473096994253,0.12819029812629407,0.21244389023802696,0.009096153751186548,14.652736235102383
425,-2.2912985713665304,2.4232929904644305,0.12768688236291592,0.20725703984498978,0.009235591409779196,14.51339714680243
426,-2.2888239669799804,2.4220490998488207,0.1276114094715852,0.20887485980440718,0.008740327496149945,14.307770195357296
427,-2.2955408334732055,2.4282745038546047,0.12734779566526414,0.216332908822309,0.009058602722447127,14.15093929395763
428,-2.292101164597731,2.4248655818058893,0.12686791867017747,0.21360795609994765,0.009108730194526255,14.098402557023075
429,-2.289377643145048,2.421439525897686,0.12661775171756745,0.21481650602926902,0.009254613224792919,14.206109116930481
430,-2.2994982506678654,2.4312886487520657,0.12608498972195845,0.2227839555488814,0.009215464401101573,14.12700072997207
431,-2.286918720832238,2.4186130200899565,0.12572875923835314,0.21189116283294257,0.0093752224587861,14.177579713523935
432,-2.2941786813735963,2.426975350013146,0.12541103345843463,0.21793273104987013,0.008929566100000515,14.221869031223681
433,-2.2907062039008506,2.4210130192683295,0.1250117798951956,0.21914568721154415,0.00908638520696021,14.28063463508536
434,-2.2849915680518516,2.4163205044086165,0.1246169966000777,0.2174821427655876,0.009331929698210516,14.218035522950899
435,-2.2881973736102763,2.4213264318612904,0.1244656833089315,0.2179706023510443,0.009311036693803761,14.222495569001644
436,-2.288873737041767,2.422325163621169,0.12402555189453639,0.21663475364720056,0.009160424689463246,14.13987381086437
437,-2.2890842646818896,2.4221064552894007,0.12347753991301243,0.21531418649428483,0.009407732033367278,14.164502738812647
438,-2.289407085271982,2.423227615356445,0.12315967794794302,0.217516846339637,0.00902519953103924,14.161963532824036
439,-2.27960259951078,2.411013330312876,0.122807940359299,0.21727438927243609,0.009279213751743147,14.080032803596707
440,-2.285900421509376,2.4183703701312727,0.1224890841772923,0.2132256389211077,0.00920057331357117,14.260229950651116
441,-2.291618922306941,2.424259567260742,0.12200867953208777,0.21498780266954265,0.009051679441312311,14.313238485143819
442,-2.279447311988244,2.4114749468289887,0.1219151596724987,0.21670207900738497,0.00919448851752992,14.222131414150972
443,-2.2956261605482835,2.427355666527381,0.12118279669147271,0.22195634013469065,0.00913272668188865,14.174067637242308
444,-2.2853235479501577,2.417412053621732,0.12103049090275397,0.2167614901421267,0.009418983020982064,14.024166089679124
445,-2.29258910545936,2.4284825926560623,0.12081815472015968,0.2167460113900517,0.009356282087504317,13.951546004059118
446,-2.29916339800908,2.4319690704345702,0.12044821403347529,0.2156194381484198,0.009095136943452676,13.708579142159278
447,-2.288233208289513,2.420646696824294,0.11986334986411608,0.22057617325848394,0.009276154715943775,13.60240464691722
448,-2.2941742471548228,2.427203413156363,0.11988994205227264,0.2197590460744473,0.009063514060588605,13.675915193120273
449,-2.2942657727461593,2.427441459068885,0.11949521802938902,0.217929514107901,0.009446030961127456,13.498420356610499
450,-2.29452824812669,2.426516083937425,0.11903222331633935,0.21075686388606324,0.009147589018038653,13.63108877304497
451,-2.282040406007033,2.4131286386343147,0.11875797333625647,0.2148248229278337,0.009122171106004934,13.587011739748334
452,-2.2888619510944075,2.4204690317007214,0.11839462994382932,0.2181966505739667,0.00890675856552403,13.726701045255048
453,-2.2881857483203594,2.419755187401405,0.11784184674804027,0.22258955609360967,0.009031021326711965,13.8662578162797
454,-2.293437990775475,2.4264276357797474,0.11781833522594892,0.22243424238414938,0.00911298171625635,13.71523535142251
455,-2.288811769118676,2.4213506962702827,0.11718985924353967,0.22180415751463775,0.009084285480406034,13.727655725741606
456,-2.2902305793762205,2.4245348622248724,0.11737179013398977,0.21729192725562174,0.009225623400181258,13.420997917105298
457,-2.2945362069056583,2.4275334343543418,0.11665028969828899,0.22118420803218808,0.00885294623878024,13.397269047728372
458,-2.3024889175708476,2.435686534001277,0.11654800538833325,0.2161350307661459,0.008992323105078224,13.362323865977997
459,-2.299266997850858,2.4343702404315657,0.11614076741612875,0.22091897870969335,0.009175334676860943,13.578546751529798
460,-2.2969624321277324,2.431922061626728,0.1159514941389744,0.22043770250924136,0.009172216950650883,13.390254711886065
461,-2.2932556519141563,2.4264092782827524,0.1151943107522451,0.21707513012470456,0.009479135817446567,13.427618017984093
462,-2.296908783179063,2.4286026411790114,0.11504159047053411,0.21739713963838891,0.009320155884045254,13.555277973140052
463,-2.2912334629205557,2.4242389121422403,0.11487069769547535,0.22430915898139323,0.00959973321338996,13.59459128073596
464,-2.294655288916368,2.428380619929387,0.11429765362005967,0.22256567513723985,0.009292634396275522,13.515733815114432
465,-2.2978220433455245,2.429585471520057,0.11404271005437924,0.2197306440510881,0.009049428836228925,13.430042275595008
466,-2.3010220494637124,2.4331457901000975,0.11390640096022532,0.21699693573450823,0.009140588009917955,13.654987483943275
467,-2.27741741840656,2.4072823157677283,0.11349030252832633,0.22110876618722164,0.00932964715047167,13.505984446324339
468,-2.2830407271018394,2.4148460036057693,0.1130548643721984,0.21905526354772234,0.009335307391582552,13.288980107788646
469,-2.287792405348558,2.4195031034029446,0.11298253071995881,0.21692764656532795,0.00923460981287404,13.29647445678711
470,-2.2930474119919997,2.424791362469013,0.1121752475316708,0.22286033780749784,0.008745801716256853,13.376948225388833
471,-2.289508890372056,2.4209349822998045,0.11221880150529054,0.22331743161065862,0.00919295420630946,13.23719957334186
472,-2.297598509788513,2.4288350853553187,0.11176539284678606,0.21294441176663845,0.009421237983629791,13.426391452824303
473,-2.295624663279607,2.4264018513606147,0.11153725942740074,0.2182620422692474,0.009371413610055359,13.613021176889402
474,-2.293849464930021,2.4281327262291543,0.11143351146808038,0.2194956130937699,0.009119870085610982,13.530862125781699
475,-2.296775038792537,2.4304428041898287,0.11091807702412972,0.22119126967880703,0.008861774847834208,13.515740123363809
476,-2.2964635705947876,2.4300822360698993,0.11050949579248062,0.21915864821420897,0.009119591684243,13.442325172074344
477,-2.296384842945979,2.4301477432250977,0.11034645681197827,0.2246209649591271,0.009290581052148835,13.331453244620507
478,-2.299042132450984,2.4316156240609974,0.10995730405816664,0.21969061338026588,0.009360284254023242,13.499760610247971
479,-2.3060789302679208,2.439300158574031,0.10963781414123681,0.22193487316643426,0.009285302986519053,13.358135442121313
480,-2.295293572499202,2.428362491314228,0.10909458779371702,0.22116421217765284,0.00926313264756848,13.664204448734948
481,-2.302462197083693,2.4342792716393102,0.10895459529299002,0.22223001848393625,0.00920319143221329,13.65483525477418
482,-2.301115625821627,2.433423664386456,0.10886667433839578,0.22368854414159006,0.00927522526028643,13.621661649931461
483,-2.2958621758681077,2.4269628700843224,0.1085984811759912,0.21469160887079503,0.009215178596146336,13.624070167541504
484,-2.304649839401245,2.4370700396024265,0.10816363822955352,0.2216662091946383,0.009309131241993073,13.610085548610861
485,-2.2964362203157864,2.428901607806866,0.10775534951916108,0.22093243008359856,0.009298151333329327,13.608391079333945
486,-2.300722820575421,2.4354690786508413,0.1076547245337413,0.21600522928008245,0.009055417838480767,13.610460176380402
487,-2.301148450558002,2.4343596326387846,0.10738282867349111,0.21938771863869572,0.009069856884248486,13.598813774388864
488,-2.3066299115694484,2.4394992622962364,0.10706411107228353,0.2220589647052485,0.0093327283756722,13.542611148379265
489,-2.3122358395503118,2.4455474237295296,0.1066800747009424,0.2140524550042021,0.009316902193283542,13.644295482460512
490,-2.308111337515024,2.441156950730544,0.10625712648034095,0.21352778662235364,0.009476284035097022,13.833202204573045
491,-2.308349015162541,2.4415928180401143,0.10616210770148497,0.21505478311569318,0.009096669789335323,13.595021956557527
492,-2.3176347813239464,2.4508077738835263,0.1055270394224387,0.21262434453045556,0.009051375125252873,13.784041675952597
493,-2.308940577873817,2.44277830857497,0.10548057877100431,0.2211156055467938,0.008958410821991777,13.557348750053196
494,-2.3121958230091977,2.4472885982806867,0.10496672326555619,0.21451960804812406,0.00904462563830915,13.74875960218797
495,-2.3140235079251803,2.4471240322406476,0.10465241764600461,0.21011591941938487,0.009094074654709036,13.555471612772811
496,-2.306969491151663,2.4386501282912034,0.10451730073644565,0.22184607837725123,0.008863166132685514,13.529525021894262
497,-2.3093549882448636,2.4426453429002026,0.10423327967524529,0.2248210596655487,0.009207513418322036,13.30356015196634
498,-2.3070674408399143,2.440481805067796,0.10384508380523094,0.22112723077655932,0.009189746462218805,13.359060331222114
499,-2.309087046109713,2.4415901770958532,0.10346243285215818,0.222198566302247,0.009193569033005096,13.442420635748347
